,ARI,AMI,Sil
0,0.02488583518371109,0.016506630258070067,0.4535089
1,-0.01576032940508306,0.014287440988891929,0.51868975
