,ARI,AMI,Sil
0,0.3119266055045872,0.2596652676041467,0.5078029
